id,first_name,last_name,email,gender,ip_address
201,Felita,Maxwell,fmaxwell5k@addtoany.com,Genderqueer,230.162.241.80
202,Pepita,Stephenson,pstephenson5l@weebly.com,Female,9.68.125.11
203,Lyle,Devinn,ldevinn5m@list-manage.com,Male,26.255.1.58
204,Averil,Brando,abrando5n@latimes.com,Male,23.48.226.59
205,Ethelda,Feaveer,efeaveer5o@gizmodo.com,Polygender,220.7.205.24
206,Yehudi,Culvey,yculvey5p@sina.com.cn,Genderqueer,142.194.254.149
207,Cirilo,Benninck,cbenninck5q@xrea.com,Agender,77.57.68.219
208,Tadeas,Glusby,tglusby5r@tuttocitta.it,Male,182.38.91.104
209,Giselle,Frizzell,gfrizzell5s@wiley.com,Female,173.7.171.225
210,Adoree,Kaine,akaine5t@facebook.com,Female,48.58.232.5
211,Sloan,Attack,sattack5u@blogs.com,Male,232.100.249.71
212,Mady,Austick,maustick5v@nba.com,Female,200.250.72.75
213,Sara,Akester,sakester5w@businessweek.com,Agender,250.78.210.110
214,Nadean,Coultard,ncoultard5x@discovery.com,Agender,3.80.250.100
215,Ardith,Sizland,asizland5y@freewebs.com,Polygender,171.244.145.56
216,Leslie,Broadway,lbroadway5z@alexa.com,Male,232.143.101.171
217,Dulsea,Presnall,dpresnall60@slideshare.net,Non-binary,122.202.152.112
218,Olly,Konmann,okonmann61@walmart.com,Male,34.122.245.255
219,Sibbie,Husset,shusset62@addthis.com,Female,61.246.117.107
220,Maegan,Bebbington,mbebbington63@microsoft.com,Female,189.130.30.227
221,Faulkner,Lewsey,flewsey64@phoca.cz,Male,242.46.20.198
222,Dicky,Croson,dcroson65@sciencedirect.com,Male,210.171.169.72
223,Layney,Bouchard,lbouchard66@prweb.com,Female,85.212.255.149
224,Jennie,Matonin,jmatonin67@census.gov,Female,133.147.250.229
225,Gwenora,Gricewood,ggricewood68@seattletimes.com,Female,19.179.6.192
226,Forbes,Cussins,fcussins69@howstuffworks.com,Male,124.166.87.255
227,Deidre,Medgwick,dmedgwick6a@dyndns.org,Female,175.227.220.100
228,Jada,Gammet,jgammet6b@indiegogo.com,Female,233.104.172.172
229,Ingeborg,Barnwall,ibarnwall6c@boston.com,Female,210.205.119.92
230,Ulrica,Billyeald,ubillyeald6d@shareasale.com,Female,2.237.158.252
231,Gilberto,Shasnan,gshasnan6e@twitpic.com,Male,28.71.157.183
232,Reinaldos,Brandon,rbrandon6f@blogspot.com,Male,182.25.237.18
233,Corrianne,Streeten,cstreeten6g@mozilla.com,Female,140.38.154.193
234,Saxon,Rutland,srutland6h@squidoo.com,Male,110.86.139.156
235,Emmalynn,Simonnot,esimonnot6i@unicef.org,Female,106.208.36.115
236,Shoshanna,Bendall,sbendall6j@sakura.ne.jp,Non-binary,35.214.95.182
237,Atlante,Bard,abard6k@tiny.cc,Female,93.113.106.92
238,Gaylord,Cuesta,gcuesta6l@pcworld.com,Male,108.107.23.203
239,Billie,Rosenblatt,brosenblatt6m@drupal.org,Female,131.28.152.209
240,Ellynn,Sidnell,esidnell6n@paypal.com,Female,215.190.74.197
241,Phaedra,Meo,pmeo6o@ow.ly,Female,243.47.66.221
242,Massimiliano,Skidmore,mskidmore6p@newsvine.com,Male,54.189.216.189
243,Wadsworth,Hully,whully6q@geocities.jp,Male,128.78.249.2
244,Andre,Cowe,acowe6r@nba.com,Male,139.7.0.181
245,Nicol,Syder,nsyder6s@boston.com,Female,114.210.80.16
246,Jennie,Cherm,jcherm6t@rakuten.co.jp,Female,241.53.163.249
247,Monique,De Goey,mdegoey6u@infoseek.co.jp,Female,234.97.154.21
248,Pate,Dibling,pdibling6v@ucoz.ru,Male,74.29.184.20
249,Cully,Verrillo,cverrillo6w@wikispaces.com,Agender,58.62.38.87
250,Hillard,Trethewey,htrethewey6x@bluehost.com,Male,10.156.205.89
251,Lorne,Helliwell,lhelliwell6y@google.fr,Male,94.191.121.153
252,Fleming,Easman,feasman6z@techcrunch.com,Male,26.110.173.149
253,Genevra,Redferne,gredferne70@earthlink.net,Female,13.47.121.68
254,Trumaine,Galliford,tgalliford71@dailymotion.com,Male,43.175.176.149
255,Barthel,Danielovitch,bdanielovitch72@facebook.com,Male,100.182.60.69
256,Ingaberg,Paulat,ipaulat73@tripadvisor.com,Female,89.62.50.12
257,Berti,Ellerman,bellerman74@yellowpages.com,Polygender,251.221.107.173
258,Galvan,Hughman,ghughman75@biblegateway.com,Male,2.140.227.41
259,Joell,Singh,jsingh76@prnewswire.com,Female,72.99.186.248
260,Carly,Cordelette,ccordelette77@wordpress.org,Male,196.205.72.49
261,Worthington,Habgood,whabgood78@squarespace.com,Male,16.140.204.40
262,Reggie,Sturton,rsturton79@squarespace.com,Female,25.176.217.171
263,Eleanor,Fereday,efereday7a@buzzfeed.com,Female,144.235.116.112
264,Rozalie,Burston,rburston7b@ucsd.edu,Female,123.165.36.3
265,Nikolas,Golston,ngolston7c@disqus.com,Male,171.182.138.189
266,Pancho,Eggins,peggins7d@elegantthemes.com,Male,252.29.96.110
267,Morganne,Elldred,melldred7e@unc.edu,Female,171.61.162.45
268,Adan,Fairrie,afairrie7f@webnode.com,Male,38.173.38.184
269,Kristo,Yewdall,kyewdall7g@cnbc.com,Male,204.223.237.14
270,Baxy,Geggie,bgeggie7h@timesonline.co.uk,Male,191.99.251.98
271,Meredith,McCadden,mmccadden7i@dropbox.com,Male,143.73.57.108
272,Maryann,Debney,mdebney7j@virginia.edu,Female,132.106.137.244
273,Gisela,Simcoe,gsimcoe7k@twitter.com,Female,48.162.106.91
274,Roma,Rice,rrice7l@jigsy.com,Male,29.237.207.189
275,Orland,Meardon,omeardon7m@tumblr.com,Male,224.126.229.225
276,Thatch,Rickertsen,trickertsen7n@wunderground.com,Male,83.206.77.208
277,Arabel,Plampeyn,aplampeyn7o@ted.com,Female,202.235.188.244
278,Eldridge,Kier,ekier7p@opensource.org,Male,253.56.63.95
279,Tabbitha,Rapp,trapp7q@people.com.cn,Female,251.185.138.166
280,Craggie,Semark,csemark7r@lycos.com,Male,180.97.11.217
281,Bondie,Belchem,bbelchem7s@cdc.gov,Male,76.56.151.233
282,Willetta,McKeon,wmckeon7t@mit.edu,Female,91.122.60.73
283,Brady,Guille,bguille7u@bloomberg.com,Male,159.69.239.46
284,Perl,Bodicum,pbodicum7v@virginia.edu,Female,164.145.75.67
285,Spike,Langan,slangan7w@washington.edu,Male,143.115.204.107
286,Lisha,Davern,ldavern7x@lycos.com,Female,90.213.158.204
287,Roxane,Grichukhanov,rgrichukhanov7y@ibm.com,Female,59.192.178.148
288,Bethena,Yukhin,byukhin7z@nba.com,Female,145.207.57.47
289,Meridel,Held,mheld80@ezinearticles.com,Female,146.97.251.174
290,Cassandra,Tipling,ctipling81@exblog.jp,Female,187.158.174.12
291,Georgiana,Presnall,gpresnall82@nifty.com,Female,128.229.6.154
292,Clarinda,Craythorne,ccraythorne83@flavors.me,Female,210.69.74.190
293,Zitella,Luparto,zluparto84@who.int,Female,161.6.119.133
294,Dud,Wille,dwille85@psu.edu,Male,107.120.86.216
295,Alleen,Beadell,abeadell86@foxnews.com,Female,82.220.51.107
296,Selie,Boothroyd,sboothroyd87@cbslocal.com,Female,217.34.121.25
297,Antonius,Overpool,aoverpool88@psu.edu,Male,118.231.81.202
298,Culley,Ghirigori,cghirigori89@umich.edu,Male,117.49.70.199
299,Dev,Smithson,dsmithson8a@umich.edu,Male,169.89.167.93
300,Raimundo,Grimwad,rgrimwad8b@istockphoto.com,Male,151.34.113.237