id,first_name,last_name,email,gender,ip_address
1,Waly,Inwood,winwood0@hibu.com,Female,212.15.122.69
2,Dell,Guswell,dguswell1@skype.com,Female,162.245.68.1
3,Clerc,Ferrieroi,cferrieroi2@tripod.com,Male,100.143.23.7
4,Town,Deeley,tdeeley3@cbslocal.com,Male,46.91.235.171
5,Pauli,Tureville,ptureville4@squarespace.com,Female,188.102.3.54
6,Stirling,Ivatts,sivatts5@cocolog-nifty.com,Male,81.230.17.171
7,Bambi,Lauxmann,blauxmann6@adobe.com,Female,27.1.240.103
8,Jess,Donnell,jdonnell7@nifty.com,Female,174.35.202.235
9,Philippe,Clousley,pclousley8@bbb.org,Female,10.125.75.228
10,Ramonda,O'Luney,roluney9@ezinearticles.com,Female,44.111.222.115
11,Gavan,Duester,gduestera@stumbleupon.com,Male,86.153.11.139
12,Cleavland,Corkett,ccorkettb@usa.gov,Male,212.247.190.136
13,Fairfax,Prickett,fprickettc@purevolume.com,Male,178.226.220.137
14,Thornton,Gammack,tgammackd@delicious.com,Male,124.244.193.3
15,Cybil,Ansill,cansille@sun.com,Female,33.142.130.226
16,Bathsheba,Klemmt,bklemmtf@ted.com,Female,56.55.221.34
17,Em,Lightewood,elightewoodg@fastcompany.com,Male,165.160.70.4
18,Maynard,Tomaszczyk,mtomaszczykh@ft.com,Male,136.135.161.221
19,Malvina,Semeradova,msemeradovai@histats.com,Bigender,223.31.186.162
20,Ddene,Rouch,drouchj@topsy.com,Female,146.91.117.155
21,Zola,Gronav,zgronavk@bing.com,Female,153.245.124.190
22,Kylynn,Ellacombe,kellacombel@fc2.com,Female,229.78.104.37
23,Carson,Sickamore,csickamorem@163.com,Male,61.31.72.249
24,Jourdan,Lukasik,jlukasikn@auda.org.au,Female,208.183.45.129
25,Devin,Troth,dtrotho@barnesandnoble.com,Female,149.210.78.119
26,Alysia,Stradling,astradlingp@xinhuanet.com,Female,178.198.133.65
27,Agna,Winspur,awinspurq@slate.com,Female,96.197.185.98
28,Dina,Cossam,dcossamr@ca.gov,Female,9.28.115.189
29,Faina,De Micoli,fdemicolis@webeden.co.uk,Female,122.211.40.125
30,Licha,Leahey,lleaheyt@chron.com,Female,123.111.101.133
31,Tally,Males,tmalesu@photobucket.com,Female,255.48.65.6
32,Tove,Blesli,tblesliv@cdbaby.com,Genderqueer,47.51.200.234
33,Gunar,Nani,gnaniw@plala.or.jp,Male,124.177.120.31
34,Eliza,Maris,emarisx@wired.com,Female,81.118.80.148
35,Sofie,Platfoot,splatfooty@printfriendly.com,Bigender,201.131.97.112
36,Delly,Sturman,dsturmanz@unblog.fr,Female,184.121.97.169
37,Conny,Temperton,ctemperton10@naver.com,Polygender,22.46.83.31
38,Brennen,Bardsley,bbardsley11@mac.com,Male,98.124.101.153
39,Miquela,O'Rowane,morowane12@alexa.com,Female,89.194.105.203
40,Brittaney,Estrella,bestrella13@webeden.co.uk,Female,30.230.67.101
41,Scotti,Locke,slocke14@wordpress.com,Male,128.208.249.139
42,Rikki,Hellsdon,rhellsdon15@mayoclinic.com,Male,17.24.245.65
43,Katharina,Dummigan,kdummigan16@amazonaws.com,Female,102.209.171.131
44,Pearl,Rooson,prooson17@123-reg.co.uk,Female,68.52.21.79
45,Mead,Parchment,mparchment18@engadget.com,Male,60.220.158.223
46,Radcliffe,Gransden,rgransden19@com.com,Male,76.227.196.177
47,Barnabas,Keymer,bkeymer1a@e-recht24.de,Male,126.36.131.231
48,Clint,Hearsum,chearsum1b@huffingtonpost.com,Male,114.41.27.247
49,Fairfax,Quaintance,fquaintance1c@google.com.au,Male,28.74.131.189
50,Adeline,Lapley,alapley1d@icq.com,Female,215.64.76.137
51,Janella,Joret,jjoret1e@wp.com,Female,54.88.62.122
52,Stearn,Blasiak,sblasiak1f@dmoz.org,Male,89.118.198.50
53,Salem,Shirland,sshirland1g@purevolume.com,Male,66.191.186.91
54,Natalya,Flores,nflores1h@netscape.com,Female,169.93.47.151
55,Giavani,Attoc,gattoc1i@mayoclinic.com,Male,0.127.43.237
56,Luise,Kaesmans,lkaesmans1j@nsw.gov.au,Female,4.236.172.14
57,Florri,Vipan,fvipan1k@china.com.cn,Female,135.134.5.245
58,Amery,Lancashire,alancashire1l@toplist.cz,Agender,46.119.30.209
59,Gothart,Vido,gvido1m@angelfire.com,Male,130.55.91.106
60,Peg,Pizzie,ppizzie1n@baidu.com,Genderqueer,95.70.190.174
61,Kimberlee,Thompson,kthompson1o@ihg.com,Female,132.184.134.211
62,Robinet,Adame,radame1p@aboutads.info,Male,1.98.228.40
63,Milly,Clunan,mclunan1q@wix.com,Female,58.147.158.229
64,Rena,Evreux,revreux1r@baidu.com,Female,54.247.236.171
65,Annecorinne,Geraldi,ageraldi1s@netlog.com,Female,76.163.80.49
66,Cam,Asling,casling1t@blogger.com,Male,137.8.135.7
67,Joelly,Van den Bosch,jvandenbosch1u@joomla.org,Female,125.165.66.3
68,Mae,Witherington,mwitherington1v@macromedia.com,Female,7.187.22.199
69,Alisun,Frere,afrere1w@hibu.com,Female,185.27.131.98
70,Rhett,Ashton,rashton1x@ucsd.edu,Male,9.92.169.191
71,Alfred,Lockhart,alockhart1y@pen.io,Male,241.134.148.2
72,Blinny,Finby,bfinby1z@mozilla.org,Female,17.229.228.169
73,Shelley,Denton,sdenton20@eepurl.com,Female,213.18.126.209
74,Jerome,Coltart,jcoltart21@123-reg.co.uk,Male,245.10.7.75
75,Leta,Frankling,lfrankling22@soundcloud.com,Female,93.68.125.31
76,Catherina,Rossander,crossander23@webs.com,Polygender,71.112.75.54
77,Cyrillus,Ritchard,critchard24@meetup.com,Male,52.148.13.159
78,Erasmus,Hiseman,ehiseman25@e-recht24.de,Male,219.148.173.222
79,Benedicta,Fieldsend,bfieldsend26@umich.edu,Female,21.74.248.231
80,Donovan,Cristou,dcristou27@tuttocitta.it,Male,91.25.10.214
81,Rodie,Mayhow,rmayhow28@walmart.com,Female,8.178.9.217
82,Orion,Cambell,ocambell29@hao123.com,Male,197.62.194.51
83,Anderson,Dory,adory2a@blogspot.com,Male,49.70.237.212
84,Jarrett,Borrow,jborrow2b@yellowpages.com,Male,48.182.52.5
85,Base,Woodier,bwoodier2c@apache.org,Male,213.202.85.159
86,Ruby,Brion,rbrion2d@tripod.com,Male,209.46.5.136
87,Webster,Cursey,wcursey2e@irs.gov,Male,239.63.65.143
88,Kean,Costall,kcostall2f@flickr.com,Male,125.123.98.211
89,Arleyne,Winscomb,awinscomb2g@symantec.com,Genderqueer,125.180.24.245
90,Andrew,Suermeiers,asuermeiers2h@earthlink.net,Bigender,26.129.202.90
91,Berke,Neljes,bneljes2i@engadget.com,Male,167.240.170.147
92,Cesare,Kirkbright,ckirkbright2j@shinystat.com,Male,38.250.170.111
93,Port,Dobkin,pdobkin2k@disqus.com,Male,71.227.138.159
94,Wesley,Wither,wwither2l@amazon.de,Male,144.77.5.186
95,Hilarius,Christley,hchristley2m@reuters.com,Male,104.183.118.249
96,Putnem,Leele,pleele2n@deliciousdays.com,Male,235.50.178.88
97,Raquela,Barr,rbarr2o@ted.com,Female,22.4.131.246
98,Marshall,Dearnly,mdearnly2p@google.ca,Male,169.98.77.231
99,Torr,Leffek,tleffek2q@google.es,Male,234.139.199.81
100,Lexi,Defrain,ldefrain2r@tinypic.com,Female,99.156.135.60
101,Clarance,Chapelhow,cchapelhow2s@eepurl.com,Male,113.79.152.147
102,Augustine,Pyatt,apyatt2t@about.me,Male,62.119.188.83
103,Omar,O'Hickee,oohickee2u@fastcompany.com,Male,146.62.85.212
104,Hedvige,Tax,htax2v@biglobe.ne.jp,Female,141.191.43.139
105,Erasmus,Hanhart,ehanhart2w@cpanel.net,Male,2.85.21.172
106,Doralynn,Sofe,dsofe2x@oaic.gov.au,Female,88.242.3.114
107,Spencer,Mason,smason2y@yolasite.com,Male,36.17.103.135
108,Terrijo,Delaprelle,tdelaprelle2z@flavors.me,Female,188.208.223.31
109,Rosalie,Bywater,rbywater30@instagram.com,Female,238.122.157.3
110,Gregory,Wooder,gwooder31@cam.ac.uk,Male,105.219.52.219
111,Orelia,Lamble,olamble32@pcworld.com,Female,222.93.197.65
112,Emanuel,Relfe,erelfe33@ocn.ne.jp,Male,167.65.86.57
113,Claudine,Frowd,cfrowd34@pen.io,Female,163.73.255.254
114,Lee,Polding,lpolding35@fda.gov,Female,108.141.200.231
115,Janek,Martensen,jmartensen36@lulu.com,Male,135.58.119.25
116,Danna,Emanuelli,demanuelli37@gravatar.com,Female,30.63.184.182
117,Vinita,Gegg,vgegg38@ebay.com,Polygender,81.229.27.105
118,Neville,Dimond,ndimond39@paginegialle.it,Male,196.158.252.232
119,Leanora,Kingsland,lkingsland3a@wunderground.com,Female,168.198.6.194
120,Stella,Goodings,sgoodings3b@google.ru,Female,7.248.44.145
121,Wynn,Vakhlov,wvakhlov3c@unesco.org,Male,3.173.65.73
122,Xenia,Inker,xinker3d@acquirethisname.com,Female,92.4.134.36
123,Camey,Rawll,crawll3e@rediff.com,Male,135.211.202.148
124,Siffre,Engel,sengel3f@webs.com,Male,193.6.77.156
125,Fredra,Anders,fanders3g@google.pl,Female,130.217.92.22
126,Ophelia,Kitchin,okitchin3h@gmpg.org,Female,216.174.98.123
127,Trista,Druery,tdruery3i@dell.com,Female,235.255.132.156
128,Dedie,Atterley,datterley3j@sourceforge.net,Female,32.128.119.215
129,Giordano,Brandoni,gbrandoni3k@marketwatch.com,Male,223.135.132.211
130,Keen,Meace,kmeace3l@wired.com,Male,177.207.115.254
131,Inger,Busby,ibusby3m@squidoo.com,Genderfluid,65.231.199.87
132,Zelda,Wallace,zwallace3n@paginegialle.it,Female,65.209.229.144
133,Rafa,Lednor,rlednor3o@netscape.com,Female,100.120.159.241
134,Rupert,Tourle,rtourle3p@acquirethisname.com,Male,34.47.49.72
135,Any,Calwell,acalwell3q@com.com,Male,145.59.101.54
136,Richart,Joselin,rjoselin3r@sakura.ne.jp,Male,140.14.174.228
137,Caty,Izak,cizak3s@whitehouse.gov,Female,117.2.109.214
138,Jobye,Walsh,jwalsh3t@free.fr,Female,62.64.59.205
139,Garrot,Lapping,glapping3u@samsung.com,Male,10.150.110.155
140,Berky,De Paoli,bdepaoli3v@cbsnews.com,Male,119.152.24.251
141,Bondy,Greenlees,bgreenlees3w@youtube.com,Male,87.254.171.197
142,Timi,Cabel,tcabel3x@mapy.cz,Female,205.119.120.124
143,Ninon,Lynch,nlynch3y@un.org,Female,182.249.123.235
144,Elsey,Bolver,ebolver3z@edublogs.org,Female,161.196.54.232
145,Chery,McHardy,cmchardy40@rediff.com,Female,39.203.200.112
146,Igor,Sanzio,isanzio41@dagondesign.com,Male,125.66.225.229
147,Alex,Coundley,acoundley42@blogger.com,Male,231.220.168.150
148,Eddy,Lorek,elorek43@ihg.com,Male,27.245.178.118
149,Randi,Balog,rbalog44@salon.com,Male,45.99.251.33
150,Jena,Duguid,jduguid45@edublogs.org,Female,232.121.23.140
151,Romain,MacIlhagga,rmacilhagga46@quantcast.com,Male,67.34.76.45
152,Darren,Aveline,daveline47@liveinternet.ru,Male,51.120.154.21
153,Adriane,Stoke,astoke48@ezinearticles.com,Female,178.245.232.184
154,Nahum,Leetham,nleetham49@irs.gov,Male,151.223.23.18
155,Claudius,Martinets,cmartinets4a@ucoz.ru,Male,200.81.62.255
156,Conan,Georgeou,cgeorgeou4b@flickr.com,Male,47.218.96.117
157,Quentin,Frigot,qfrigot4c@bloglovin.com,Male,26.149.243.201
158,Claire,Josham,cjosham4d@timesonline.co.uk,Female,94.22.119.229
159,Jacob,Buckmaster,jbuckmaster4e@tamu.edu,Male,101.110.227.199
160,Nico,Viner,nviner4f@multiply.com,Male,243.143.246.109
161,Millard,Klimochkin,mklimochkin4g@booking.com,Male,169.52.219.77
162,Roxi,Leith-Harvey,rleithharvey4h@webeden.co.uk,Female,32.204.69.112
163,Adoree,Philipp,aphilipp4i@forbes.com,Female,169.150.143.67
164,Weston,Pears,wpears4j@washington.edu,Male,31.28.123.90
165,Amalia,Porteous,aporteous4k@shop-pro.jp,Female,17.104.86.22
166,Robinet,Bisseker,rbisseker4l@bing.com,Female,248.248.111.26
167,Genna,Wolstencroft,gwolstencroft4m@friendfeed.com,Female,242.7.80.95
168,Madelina,Muddiman,mmuddiman4n@howstuffworks.com,Female,251.227.137.7
169,Mauricio,Bukowski,mbukowski4o@ezinearticles.com,Male,110.169.136.172
170,Bevan,Brinkley,bbrinkley4p@dagondesign.com,Male,78.19.220.221
171,Kristen,Pendrick,kpendrick4q@skype.com,Female,111.170.59.92
172,Guillemette,Cluett,gcluett4r@independent.co.uk,Female,22.244.214.145
173,Hyatt,Lehon,hlehon4s@etsy.com,Male,29.194.18.15
174,Diannne,Bordis,dbordis4t@google.co.uk,Female,150.136.253.34
175,Pippy,Hudel,phudel4u@guardian.co.uk,Female,13.229.58.51
176,Maynard,Snowsill,msnowsill4v@sourceforge.net,Male,220.60.49.238
177,Daveen,de Merida,ddemerida4w@goo.gl,Female,20.171.139.47
178,Berty,Enefer,benefer4x@hao123.com,Male,114.209.90.225
179,Rayshell,Ditch,rditch4y@cloudflare.com,Genderqueer,104.77.186.50
180,Marys,Elce,melce4z@hp.com,Female,238.119.1.239
181,Robbi,Keywood,rkeywood50@slideshare.net,Female,164.16.44.115
182,Sherie,Pillington,spillington51@adobe.com,Female,255.85.201.113
183,Ibrahim,Santry,isantry52@nymag.com,Male,233.8.236.225
184,Gerrard,Hambrick,ghambrick53@vistaprint.com,Male,222.105.92.238
185,Lanie,Peacey,lpeacey54@sun.com,Bigender,134.169.231.245
186,Ned,Mabson,nmabson55@jugem.jp,Male,170.174.64.142
187,Jeffry,Santino,jsantino56@utexas.edu,Male,137.7.80.123
188,Boot,Franiak,bfraniak57@discuz.net,Non-binary,49.4.32.212
189,Jasen,Snugg,jsnugg58@soundcloud.com,Male,102.249.7.135
190,Clerissa,Oakly,coakly59@google.ca,Female,215.169.88.30
191,Hallsy,Collingridge,hcollingridge5a@dedecms.com,Male,0.155.10.219
192,Earl,Skirven,eskirven5b@wordpress.org,Male,158.243.184.74
193,Marja,Ledwich,mledwich5c@slate.com,Female,133.154.253.97
194,Torre,Ellingham,tellingham5d@domainmarket.com,Male,148.52.153.63
195,Shannon,Morecombe,smorecombe5e@printfriendly.com,Male,68.63.164.201
196,Connie,Dufaur,cdufaur5f@cisco.com,Male,236.174.157.66
197,Dulcinea,Eves,deves5g@europa.eu,Female,247.223.134.129
198,Eldredge,O'Fogarty,eofogarty5h@ezinearticles.com,Male,131.155.30.184
199,Arty,Beaushaw,abeaushaw5i@noaa.gov,Male,155.204.20.127
200,Moshe,Petrovsky,mpetrovsky5j@mail.ru,Male,242.179.173.76
201,Heriberto,Ox,hox5k@netvibes.com,Male,192.141.130.205
202,Jamey,Whipp,jwhipp5l@engadget.com,Male,77.20.117.204
203,Fin,Slemmonds,fslemmonds5m@omniture.com,Male,136.131.233.10
204,Avrom,Upshall,aupshall5n@freewebs.com,Male,65.19.59.23
205,Cob,Itscowics,citscowics5o@zdnet.com,Male,165.197.2.37
206,Valenka,Simonson,vsimonson5p@parallels.com,Female,168.131.79.56
207,Sam,McVeagh,smcveagh5q@vinaora.com,Female,7.12.117.184
208,James,Lukash,jlukash5r@merriam-webster.com,Male,242.32.36.203
209,Jeromy,Gaytor,jgaytor5s@vimeo.com,Male,19.131.246.216
210,Josh,Coye,jcoye5t@google.co.uk,Male,4.1.249.115
211,Kitty,Prozillo,kprozillo5u@cnet.com,Genderfluid,70.74.75.110
212,Glen,Batman,gbatman5v@timesonline.co.uk,Male,222.181.56.112
213,Isabella,Holleworth,iholleworth5w@chronoengine.com,Polygender,68.71.219.43
214,Yule,Channing,ychanning5x@rakuten.co.jp,Male,122.34.16.118
215,Fleur,Beine,fbeine5y@vk.com,Female,32.51.87.160
216,Guenna,Fierman,gfierman5z@opera.com,Female,224.43.179.156
217,Marius,Nassi,mnassi60@fema.gov,Male,139.165.105.158
218,Gabrielle,Norvill,gnorvill61@scribd.com,Female,173.22.191.92
219,Doris,Tomeo,dtomeo62@rambler.ru,Female,47.158.171.166
220,Amandi,Popping,apopping63@scribd.com,Female,32.105.216.245
221,Leon,Rogerot,lrogerot64@vinaora.com,Male,171.28.14.130
222,Aggi,Gavrieli,agavrieli65@umich.edu,Female,174.187.158.233
223,Royal,Wickwar,rwickwar66@ning.com,Polygender,150.77.56.235
224,Tilda,Mellon,tmellon67@cargocollective.com,Female,168.136.32.77
225,Audy,Rosas,arosas68@hexun.com,Female,240.239.137.88
226,Amerigo,O'Kinneally,aokinneally69@nbcnews.com,Male,80.142.234.17
227,Stevie,Pietzker,spietzker6a@columbia.edu,Male,129.4.52.225
228,Lucia,Mazey,lmazey6b@census.gov,Female,78.61.229.120
229,Vanda,Blankett,vblankett6c@hostgator.com,Female,216.199.85.156
230,Genny,Hintzer,ghintzer6d@blog.com,Female,58.101.175.137
231,Trista,Dwerryhouse,tdwerryhouse6e@blogspot.com,Female,218.0.38.11
232,Maitilde,Upstell,mupstell6f@washingtonpost.com,Female,209.17.156.171
233,Dione,Le Fleming,dlefleming6g@free.fr,Female,20.77.111.93
234,Mar,Cogley,mcogley6h@blogtalkradio.com,Genderqueer,252.45.163.146
235,Fleming,Sly,fsly6i@bizjournals.com,Polygender,124.23.113.160
236,Ronni,Alvarado,ralvarado6j@wikimedia.org,Female,81.37.4.191
237,Dode,McOmish,dmcomish6k@oaic.gov.au,Female,168.254.49.225
238,Bondy,Asker,basker6l@nytimes.com,Male,254.225.233.125
239,Brittne,Zapatero,bzapatero6m@marketwatch.com,Female,45.184.24.84
240,Dana,Ridgeway,dridgeway6n@mysql.com,Male,117.35.228.81
241,Anthiathia,Regorz,aregorz6o@disqus.com,Bigender,69.204.12.201
242,Fredrika,Menghi,fmenghi6p@51.la,Female,1.76.49.243
243,Elwood,Szubert,eszubert6q@discuz.net,Male,237.9.71.150
244,Clarita,Presdee,cpresdee6r@whitehouse.gov,Female,173.88.16.132
245,Ruttger,Lamming,rlamming6s@ucoz.com,Male,38.107.204.177
246,Terri,Copozio,tcopozio6t@foxnews.com,Male,74.94.113.147
247,Etta,Curnnok,ecurnnok6u@archive.org,Female,119.128.88.100
248,Ranee,Lindsay,rlindsay6v@goo.gl,Female,108.80.135.134
249,Madonna,Forker,mforker6w@dion.ne.jp,Female,228.73.182.157
250,Leonidas,Haseman,lhaseman6x@vkontakte.ru,Male,199.118.78.112
251,Briana,Addinall,baddinall6y@webs.com,Female,154.56.242.145
252,Rickard,Chasle,rchasle6z@answers.com,Male,167.138.81.92
253,Zebadiah,Colbert,zcolbert70@google.es,Male,175.194.135.172
254,Binny,Kleinstern,bkleinstern71@comsenz.com,Female,133.50.127.196
255,Harlan,Driutti,hdriutti72@un.org,Male,14.210.99.254
256,Darb,Pimlett,dpimlett73@ebay.com,Male,12.60.99.226
257,Charisse,Knoble,cknoble74@answers.com,Female,110.111.48.76
258,Eb,Phonix,ephonix75@bluehost.com,Male,110.167.238.129
259,Junina,Nardi,jnardi76@dailymotion.com,Genderqueer,121.115.34.5
260,Lucho,Ballin,lballin77@reddit.com,Male,126.114.226.235
261,Hamnet,MacMakin,hmacmakin78@omniture.com,Male,42.48.124.58
262,Pacorro,Coopper,pcoopper79@t.co,Male,68.70.177.247
263,Salvador,Orbon,sorbon7a@opera.com,Male,67.229.167.43
264,Brod,Bunton,bbunton7b@nsw.gov.au,Male,139.1.220.218
265,Eadie,St. Queintain,estqueintain7c@hubpages.com,Genderfluid,202.17.249.142
266,Galvan,Ruprich,gruprich7d@quantcast.com,Male,234.39.242.228
267,Renard,Falla,rfalla7e@com.com,Male,165.88.75.128
268,Bobinette,Abriani,babriani7f@europa.eu,Female,133.0.254.94
269,Viv,MacFaell,vmacfaell7g@hibu.com,Female,246.154.121.207
270,Steffen,Koba,skoba7h@cocolog-nifty.com,Male,41.130.12.74
271,Natty,Joppich,njoppich7i@topsy.com,Male,194.89.243.216
272,Donovan,Bearsmore,dbearsmore7j@washingtonpost.com,Male,34.145.67.250
273,Jeremias,McGillacoell,jmcgillacoell7k@networkadvertising.org,Male,187.137.58.190
274,Alethea,McCue,amccue7l@angelfire.com,Female,173.185.129.130
275,Wood,Heyworth,wheyworth7m@va.gov,Male,146.25.229.226
276,Othelia,Crowne,ocrowne7n@irs.gov,Female,6.198.114.221
277,Sidonnie,Judge,sjudge7o@yelp.com,Female,154.107.195.132
278,Terri,Bollom,tbollom7p@apache.org,Male,97.5.246.59
279,Emelia,Sherrum,esherrum7q@instagram.com,Non-binary,181.145.188.194
280,Nance,McPhilip,nmcphilip7r@ox.ac.uk,Female,134.197.1.141
281,Keven,Dimock,kdimock7s@goo.gl,Male,45.192.223.255
282,Jillane,McTavy,jmctavy7t@ovh.net,Female,177.102.58.45
283,Brandy,Canadas,bcanadas7u@last.fm,Agender,121.37.29.230
284,Boote,Napoleone,bnapoleone7v@ft.com,Male,7.124.54.58
285,Desmund,Starie,dstarie7w@sciencedirect.com,Male,85.179.80.173
286,Blakeley,Lissimore,blissimore7x@sourceforge.net,Female,51.175.178.91
287,Caitrin,Latter,clatter7y@about.me,Female,69.100.64.149
288,Charisse,Paiton,cpaiton7z@adobe.com,Female,160.86.159.195
289,Donn,Goddman,dgoddman80@narod.ru,Male,85.89.112.80
290,Johnathon,Brightling,jbrightling81@booking.com,Male,49.127.225.43
291,Lindon,Acock,lacock82@cbslocal.com,Agender,245.14.147.92
292,Joseph,Lavalle,jlavalle83@biglobe.ne.jp,Male,194.86.28.12
293,Zahara,Tilbrook,ztilbrook84@uol.com.br,Female,227.158.195.118
294,Laurette,Abramovitch,labramovitch85@amazonaws.com,Female,12.183.69.200
295,Alysa,Kinver,akinver86@infoseek.co.jp,Female,140.127.231.152
296,Zola,Ambresin,zambresin87@4shared.com,Female,3.247.1.35
297,Dorthea,Burnall,dburnall88@go.com,Non-binary,214.175.81.161
298,Jacqui,Jarrett,jjarrett89@psu.edu,Female,73.25.102.197
299,Anthony,Durtnal,adurtnal8a@zimbio.com,Male,167.51.207.234
300,Tildie,Bednell,tbednell8b@tripadvisor.com,Female,103.180.227.26
301,Gauthier,Fleis,gfleis8c@taobao.com,Male,249.164.180.77
302,Cthrine,Petrol,cpetrol8d@cbsnews.com,Genderfluid,129.120.180.123
303,Kendricks,Bencher,kbencher8e@photobucket.com,Male,17.206.234.66
304,Lucias,McCurley,lmccurley8f@wisc.edu,Male,123.199.154.62
305,Cymbre,Humm,chumm8g@spotify.com,Female,91.239.126.141
306,Temp,Tumilson,ttumilson8h@dedecms.com,Male,56.94.39.178
307,Ardyce,Guisby,aguisby8i@godaddy.com,Female,40.108.186.44
308,Randell,Sheeran,rsheeran8j@mysql.com,Male,170.150.173.243
309,Arne,Conew,aconew8k@intel.com,Male,87.210.49.52
310,Hendrik,Gilbart,hgilbart8l@mashable.com,Male,38.179.172.238
311,Corney,Norrington,cnorrington8m@cnet.com,Male,236.189.127.188
312,Nanice,Gennrich,ngennrich8n@washington.edu,Female,25.216.35.15
313,Jeanie,Glusby,jglusby8o@nhs.uk,Female,79.105.179.7
314,Panchito,Berthod,pberthod8p@soup.io,Male,190.174.19.252
315,Angeli,Ivashintsov,aivashintsov8q@constantcontact.com,Male,43.143.41.98
316,Retha,Struijs,rstruijs8r@mit.edu,Female,112.179.166.92
317,Tomas,Bakesef,tbakesef8s@ca.gov,Male,52.172.121.78
318,Ruby,Daughtery,rdaughtery8t@cbc.ca,Male,162.90.49.199
319,Nickey,Decroix,ndecroix8u@hubpages.com,Male,215.169.245.103
320,Jennica,MacCleay,jmaccleay8v@imgur.com,Female,118.158.44.131
321,Mallorie,Shreeves,mshreeves8w@arstechnica.com,Female,38.255.194.157
322,Tabby,Shiel,tshiel8x@arstechnica.com,Male,73.104.77.18
323,Mildrid,Creagh,mcreagh8y@reddit.com,Female,12.74.143.85
324,Ileana,Hearne,ihearne8z@washingtonpost.com,Female,10.138.76.200
325,Alli,Curmi,acurmi90@constantcontact.com,Female,59.106.6.104
326,Amaleta,Hurn,ahurn91@hc360.com,Female,168.168.11.148
327,Briant,Mowlam,bmowlam92@gizmodo.com,Male,249.156.93.89
328,Wenona,Stickels,wstickels93@acquirethisname.com,Female,3.38.92.194
329,Garvy,Forde,gforde94@example.com,Male,95.227.87.144
330,Theodoric,Oddy,toddy95@twitter.com,Male,36.146.159.181
331,Julie,Francescozzi,jfrancescozzi96@nsw.gov.au,Female,233.66.145.159
332,Brigid,Scotchmor,bscotchmor97@baidu.com,Female,1.124.252.6
333,Gerrard,Soans,gsoans98@yelp.com,Male,10.63.187.236
334,Clemens,Pucknell,cpucknell99@smugmug.com,Male,118.1.39.97
335,Kelvin,Critten,kcritten9a@ocn.ne.jp,Male,243.200.57.105
336,Barclay,Fidilis,bfidilis9b@slashdot.org,Male,129.60.103.245
337,Cahra,Banane,cbanane9c@ibm.com,Genderqueer,90.134.169.220
338,Morten,Henriques,mhenriques9d@washington.edu,Male,221.163.84.164
339,Gayleen,Schustl,gschustl9e@marketwatch.com,Female,39.203.128.83
340,Niki,Deverose,ndeverose9f@ask.com,Female,103.83.73.64
341,Nydia,Peat,npeat9g@gov.uk,Female,158.94.59.246
342,Geoffrey,Rome,grome9h@storify.com,Male,60.144.25.19
343,Janela,Meake,jmeake9i@amazon.co.uk,Female,10.102.73.93
344,Ronnie,Hickinbottom,rhickinbottom9j@altervista.org,Female,201.141.142.255
345,Garret,Gethins,ggethins9k@nba.com,Male,0.176.145.206
346,Lulita,Vern,lvern9l@163.com,Female,233.29.84.119
347,Krispin,Curtain,kcurtain9m@ameblo.jp,Male,96.21.136.62
348,Vonny,Sealand,vsealand9n@marketwatch.com,Agender,160.253.149.158
349,Mechelle,Gaddas,mgaddas9o@rediff.com,Female,22.63.195.227
350,Stormie,Camlin,scamlin9p@noaa.gov,Female,4.23.14.27
351,Brenda,Grimme,bgrimme9q@bbb.org,Female,66.82.232.105
352,Margarethe,Ripley,mripley9r@mysql.com,Female,41.110.217.12
353,Aloise,Edington,aedington9s@1688.com,Female,5.155.169.23
354,Shelagh,Mc Pake,smcpake9t@cnn.com,Female,167.147.132.125
355,Gerrie,Pallant,gpallant9u@deliciousdays.com,Male,29.85.32.7
356,Alejandro,holmes,aholmes9v@chicagotribune.com,Male,24.150.230.62
357,Nick,Emby,nemby9w@skyrock.com,Male,24.12.24.103
358,Zaria,Tuppeny,ztuppeny9x@go.com,Female,107.144.9.3
359,Daffy,Croome,dcroome9y@sun.com,Female,224.166.233.18
360,Germaine,Kearn,gkearn9z@4shared.com,Male,33.125.251.65
361,Kristen,Kares,kkaresa0@youtu.be,Genderfluid,184.80.200.34
362,Ulric,Rosterne,urosternea1@hexun.com,Male,7.72.217.91
363,Carrol,Geertje,cgeertjea2@wired.com,Male,199.116.239.228
364,Dougie,Murfett,dmurfetta3@nyu.edu,Male,107.184.218.174
365,Torie,Kembry,tkembrya4@opera.com,Female,101.179.61.143
366,Jennifer,Guihen,jguihena5@miitbeian.gov.cn,Female,104.17.61.112
367,Davita,Righy,drighya6@slideshare.net,Female,185.112.38.177
368,Katee,Brotheridge,kbrotheridgea7@fema.gov,Female,203.171.93.9
369,Marcelo,McGready,mmcgreadya8@ucsd.edu,Male,167.79.158.63
370,Simon,Jedras,sjedrasa9@sciencedirect.com,Male,91.161.221.42
371,Cesar,Helis,chelisaa@hhs.gov,Male,163.154.32.24
372,Julian,Darlison,jdarlisonab@si.edu,Male,93.199.88.182
373,Sheelah,Weddup,sweddupac@phoca.cz,Female,51.177.17.58
374,Auroora,Treleven,atrelevenad@blogs.com,Agender,229.128.13.11
375,Thaddus,Cello,tcelloae@uiuc.edu,Male,203.60.38.253
376,Cherish,Demetr,cdemetraf@discuz.net,Agender,29.242.72.10
377,Ramonda,Boulding,rbouldingag@ucla.edu,Female,223.208.25.131
378,Clayborn,Sangar,csangarah@shinystat.com,Male,151.41.72.165
379,Jedidiah,Raycroft,jraycroftai@about.me,Male,138.31.119.83
380,Guilbert,Flaxman,gflaxmanaj@sciencedirect.com,Male,15.254.90.238
381,Bartholomeo,Pleming,bplemingak@booking.com,Male,237.126.167.47
382,Shelby,Culbert,sculbertal@skyrock.com,Female,177.249.252.193
383,Neville,Straun,nstraunam@icio.us,Male,35.76.53.238
384,Selma,Edlington,sedlingtonan@printfriendly.com,Female,38.57.207.247
385,Lucais,Lyness,llynessao@jiathis.com,Male,111.66.133.64
386,Temple,Tichelaar,ttichelaarap@surveymonkey.com,Genderqueer,38.217.35.201
387,Wilhelmine,Joska,wjoskaaq@marketwatch.com,Female,241.65.128.10
388,Robers,Caren,rcarenar@npr.org,Male,58.129.171.149
389,Ava,Inkle,ainkleas@jimdo.com,Female,239.84.159.14
390,Duky,Larratt,dlarrattat@imdb.com,Male,203.172.145.66
391,Yancy,Olin,yolinau@ucoz.ru,Male,226.210.125.248
392,Anatole,Sandell,asandellav@istockphoto.com,Male,108.181.106.235
393,Arty,Hassett,ahassettaw@craigslist.org,Male,177.194.214.58
394,Melva,Scarrisbrick,mscarrisbrickax@go.com,Female,210.108.146.106
395,Mallory,Toten,mtotenay@howstuffworks.com,Male,85.64.113.55
396,Alvie,Ruberti,arubertiaz@smugmug.com,Non-binary,185.213.246.4
397,Katti,Dalzell,kdalzellb0@bing.com,Female,105.3.191.77
398,Renata,Rockhall,rrockhallb1@linkedin.com,Female,47.121.223.179
399,Hansiain,Walisiak,hwalisiakb2@webmd.com,Male,206.177.8.148
400,Mandie,Ivchenko,mivchenkob3@harvard.edu,Female,193.197.88.34
401,Sterling,Sexton,ssextonb4@washington.edu,Male,41.136.121.85
402,Lilia,Kierans,lkieransb5@wired.com,Female,171.161.203.147
403,Cchaddie,Voller,cvollerb6@goo.gl,Male,146.202.30.58
404,Sly,Olennikov,solennikovb7@liveinternet.ru,Genderfluid,15.177.250.85
405,Marya,Pratte,mpratteb8@hao123.com,Female,45.26.59.68
406,Marya,Colliber,mcolliberb9@answers.com,Female,232.244.87.113
407,Charlotte,Brasseur,cbrasseurba@va.gov,Female,200.191.147.201
408,Claresta,Ruttgers,cruttgersbb@bloomberg.com,Female,154.10.53.59
409,Anett,Roderham,aroderhambc@51.la,Female,86.30.232.91
410,Ephrem,Roll,erollbd@whitehouse.gov,Male,156.181.62.227
411,Jard,Snowball,jsnowballbe@walmart.com,Male,206.74.7.218
412,Terrie,Gauvain,tgauvainbf@smh.com.au,Genderqueer,183.68.37.9
413,Felicio,Norledge,fnorledgebg@de.vu,Male,25.63.88.196
414,Katerine,Von Oertzen,kvonoertzenbh@upenn.edu,Female,83.249.108.173
415,Evelina,Sharland,esharlandbi@twitpic.com,Female,89.249.240.191
416,Maria,Cross,mcrossbj@mysql.com,Female,21.58.51.93
417,Sisely,Tremblet,strembletbk@bloomberg.com,Female,158.74.11.181
418,Gleda,Rosgen,grosgenbl@booking.com,Female,169.43.137.24
419,Nannette,Rummins,nrumminsbm@qq.com,Genderfluid,190.16.156.243
420,Gipsy,Moan,gmoanbn@mysql.com,Female,239.249.105.79
421,Chet,Gilligan,cgilliganbo@sina.com.cn,Male,171.253.209.172
422,Nelie,Scamadin,nscamadinbp@cpanel.net,Female,249.156.112.39
423,Gill,Stodart,gstodartbq@vimeo.com,Male,233.195.117.71
424,Annice,Taylorson,ataylorsonbr@state.tx.us,Female,227.24.240.2
425,Christye,Saffen,csaffenbs@hc360.com,Female,157.84.105.84
426,Katlin,Twelve,ktwelvebt@rediff.com,Polygender,109.248.72.108
427,Wallis,Burde,wburdebu@upenn.edu,Male,169.75.194.252
428,Gwenette,Jentin,gjentinbv@chronoengine.com,Female,194.51.47.250
429,Mae,Baskeyfied,mbaskeyfiedbw@ucsd.edu,Female,217.229.22.137
430,Rikki,Markl,rmarklbx@blogs.com,Male,27.139.15.112
431,Corrinne,Rudall,crudallby@mlb.com,Female,52.171.171.199
432,Gearalt,Shropshire,gshropshirebz@imdb.com,Male,173.201.196.216
433,Debor,Gavini,dgavinic0@privacy.gov.au,Female,250.2.167.153
434,Teddie,McCall,tmccallc1@xinhuanet.com,Male,70.222.91.48
435,Minnaminnie,Lantuffe,mlantuffec2@europa.eu,Female,121.111.101.67
436,Adrian,Dimitresco,adimitrescoc3@blogger.com,Male,163.186.76.190
437,Rosana,Christophers,rchristophersc4@guardian.co.uk,Female,180.173.111.12
438,Mommy,Grinsted,mgrinstedc5@netscape.com,Female,242.158.135.194
439,Bellanca,Wainwright,bwainwrightc6@cnbc.com,Female,203.63.12.48
440,Matthus,Linnit,mlinnitc7@over-blog.com,Male,243.119.0.254
441,Harriott,Dibbe,hdibbec8@diigo.com,Female,182.204.216.169
442,Roseann,Latan,rlatanc9@telegraph.co.uk,Female,118.113.56.159
443,Eden,Garstan,egarstanca@blinklist.com,Female,114.216.84.114
444,Shannan,Devote,sdevotecb@w3.org,Male,98.196.209.214
445,Woodie,Hawkins,whawkinscc@hexun.com,Male,186.224.244.20
446,Liana,Jaynes,ljaynescd@engadget.com,Genderfluid,216.225.160.183
447,Deb,Canfield,dcanfieldce@salon.com,Female,21.229.240.19
448,Noell,Wallege,nwallegecf@slate.com,Female,28.59.243.123
449,Filip,Culvey,fculveycg@goo.gl,Male,199.151.155.13
450,Brenna,Lubeck,blubeckch@t-online.de,Female,228.162.212.45
451,Brice,MacCole,bmaccoleci@tmall.com,Male,147.81.148.141
452,Sheff,Jandac,sjandaccj@histats.com,Male,185.232.154.238
453,Phillipe,Drohane,pdrohaneck@jiathis.com,Polygender,235.88.22.57
454,Delcina,Tolliday,dtollidaycl@nytimes.com,Female,211.186.61.205
455,Jillana,Danbrook,jdanbrookcm@dmoz.org,Female,200.45.70.96
456,Robby,Borsnall,rborsnallcn@bizjournals.com,Female,142.95.5.12
457,Gothart,Hartshorne,ghartshorneco@studiopress.com,Non-binary,73.50.64.45
458,Colin,Gilluley,cgilluleycp@imgur.com,Male,254.194.205.98
459,Edlin,Boman,ebomancq@123-reg.co.uk,Male,61.114.104.150
460,Regine,Rearden,rreardencr@blogs.com,Female,209.125.97.116
461,Gwendolin,Broader,gbroadercs@cpanel.net,Female,102.252.70.245
462,Giorgio,Iacobetto,giacobettoct@mashable.com,Male,209.193.147.151
463,Agnola,Moodycliffe,amoodycliffecu@woothemes.com,Female,67.107.241.11
464,Godwin,Bock,gbockcv@vinaora.com,Male,220.73.137.111
465,Steward,Exter,sextercw@thetimes.co.uk,Male,81.48.7.129
466,Jolee,Creaney,jcreaneycx@mit.edu,Female,152.197.50.46
467,Corrianne,Brolan,cbrolancy@artisteer.com,Female,136.58.134.208
468,Kalila,Maplestone,kmaplestonecz@amazon.com,Female,231.99.66.225
469,Dix,Gedling,dgedlingd0@networksolutions.com,Female,125.247.50.26
470,Lia,Fontaine,lfontained1@t-online.de,Female,49.234.3.211
471,Evania,Vanezis,evanezisd2@amazon.de,Female,143.195.92.31
472,Esteban,Sills,esillsd3@ftc.gov,Male,223.220.62.222
473,Sydelle,Huntley,shuntleyd4@yahoo.co.jp,Female,136.198.26.237
474,Olly,de la Valette Parisot,odelavaletteparisotd5@wordpress.com,Bigender,58.147.174.96
475,Gustav,Giraudeau,ggiraudeaud6@unc.edu,Male,255.18.239.55
476,Yulma,Sayes,ysayesd7@virginia.edu,Male,239.230.195.214
477,Ansley,Starsmore,astarsmored8@gov.uk,Female,134.25.69.15
478,Olenka,Jentges,ojentgesd9@51.la,Female,119.166.10.9
479,Benni,Burnhill,bburnhillda@php.net,Bigender,41.50.250.26
480,Farrah,Curley,fcurleydb@go.com,Female,64.242.24.44
481,Bevon,Durran,bdurrandc@mysql.com,Male,192.73.60.35
482,Vance,Grene,vgrenedd@csmonitor.com,Male,131.195.241.164
483,Margret,Sinclair,msinclairde@harvard.edu,Female,117.91.247.224
484,Chen,Lettuce,clettucedf@so-net.ne.jp,Genderqueer,220.154.252.137
485,Huey,Coolahan,hcoolahandg@aol.com,Male,124.232.9.124
486,Kelwin,Carder,kcarderdh@nasa.gov,Male,136.137.29.218
487,Barry,Faber,bfaberdi@sogou.com,Male,8.97.80.213
488,Wilfrid,Weond,wweonddj@jigsy.com,Male,53.91.119.139
489,Chrisse,Rayworth,crayworthdk@over-blog.com,Male,69.81.199.180
490,Evin,Everett,eeverettdl@nytimes.com,Male,24.207.70.232
491,Odo,Hulstrom,ohulstromdm@shinystat.com,Male,187.24.129.54
492,Shanna,Campo,scampodn@pbs.org,Female,171.244.86.233
493,Mariette,Van den Oord,mvandenoorddo@mail.ru,Female,166.108.12.91
494,Northrup,Ratcliff,nratcliffdp@usatoday.com,Male,1.226.250.11
495,Camille,Hatry,chatrydq@tiny.cc,Female,247.147.46.188
496,Timothee,Pletts,tplettsdr@t-online.de,Male,174.195.135.159
497,Elias,Lundbech,elundbechds@bigcartel.com,Male,86.27.134.243
498,Othello,Feild,ofeilddt@bing.com,Male,124.202.17.127
499,Ermanno,Watters,ewattersdu@mail.ru,Male,32.81.115.214
500,Hermy,Gutcher,hgutcherdv@ehow.com,Male,206.207.49.66
