1,Gethyn, Emma,egethyn0@yellowbook.com,223.107.186.152
2,Dallimare, Kaye,kdallimare1@mlb.com,223.206.173.29
3,Friskey, Valentin,vfriskey2@webs.com,94.195.101.178
4,Dowrey, Lesya,ldowrey3@live.com,141.221.185.229
5,Clausius, Dewain,dclausius4@chron.com,145.183.4.138
6,Bartoletti, Nolie,nbartoletti5@biblegateway.com,7.238.161.221
7,O' Ronan, Gayler,goronan6@edublogs.org,66.148.215.67
8,Campe, Nance,ncampe7@wordpress.org,85.67.14.28
9,Liccardi, Sibyl,sliccardi8@lulu.com,23.65.127.252
10,McGiff, Tildy,tmcgiff9@hatena.ne.jp,178.46.72.229
11,McEvoy, Karylin,kmcevoya@indiatimes.com,40.81.232.9
12,Heindle, Ursala,uheindleb@umn.edu,179.82.136.211
13,Burtwhistle, Paco,pburtwhistlec@infoseek.co.jp,225.69.52.17
15,Henri, Etta,ehenrie@webmd.com,106.243.168.156
16,Ducroe, Fey,fducroef@deliciousdays.com,230.249.228.188
17,Soigne, Emmery,esoigneg@hatena.ne.jp,89.77.44.230
18,Borton, Cristy,cbortonh@oracle.com,76.39.118.36
19,Gonneau, Cosette,cgonneaui@nsw.gov.au,219.252.103.138
21,Tankin, Rawley,rtankink@msu.edu,102.238.166.94
22,Boulder, Kimmi,kboulderl@alibaba.com,157.17.245.242
23,McNeillie, Lissi,lmcneilliem@mapquest.com,203.242.199.190
25,Vain, Mireille,mvaino@oaic.gov.au,48.59.205.39
26,Saffran, Tracey,tsaffranp@squidoo.com,137.185.70.2
27,McGuckin, Lonna,lmcguckinq@g.co,154.64.27.195
29,Kall, Natalina,nkalls@sun.com,145.142.242.30
31,Whitter, Maritsa,mwhitteru@reddit.com,75.13.202.139
32,Ramet, Matty,mrametv@homestead.com,141.114.184.136
33,Dingivan, Reed,rdingivanw@dagondesign.com,28.200.102.69
34,Shreeve, Collen,cshreevex@reddit.com,125.151.66.84
35,Lankham, Freeland,flankhamy@cyberchimps.com,235.19.197.100
36,McBean, Honor,hmcbeanz@liveinternet.ru,115.56.173.13
37,Eckersley, Myrna,meckersley10@twitpic.com,31.38.86.207
38,Peppett, Siffre,speppett11@xrea.com,31.42.193.33
39,Dahmke, Hurley,hdahmke12@flavors.me,1.195.162.98
40,Pammenter, Rhetta,rpammenter13@ifeng.com,170.73.225.78
41,Greenan, Alvina,agreenan14@qq.com,251.230.25.240
43,Icom, Basile,bicom16@instagram.com,58.203.61.87
45,Jakoubek, Torey,tjakoubek18@ucsd.edu,162.236.14.141
47,McNevin, Aimee,amcnevin1a@stumbleupon.com,190.46.195.38
48,Humblestone, Kerri,khumblestone1b@vk.com,220.183.1.134
49,Lesslie, Beth,blesslie1c@sitemeter.com,119.40.46.46
51,Royden, Rennie,rroyden1e@de.vu,187.2.146.5
53,Hawkswood, Annabela,ahawkswood1g@google.cn,205.44.41.194
54,Emberton, Phyllys,pemberton1h@reverbnation.com,85.151.209.134
55,Twinbourne, Anstice,atwinbourne1i@ocn.ne.jp,59.41.210.46
57,Trebble, Scott,strebble1k@yellowpages.com,186.34.40.81
58,Chat, Karee,kchat1l@smh.com.au,150.193.124.166
59,Kirsopp, Fayina,fkirsopp1m@trellian.com,200.29.146.98
60,Tudor, Sherry,studor1n@lycos.com,182.160.89.117
61,Calleja, Grange,gcalleja1o@slashdot.org,157.0.222.17
63,Duckering, Tammy,tduckering1q@hud.gov,112.21.82.166
64,Cochern, Catharine,ccochern1r@parallels.com,25.77.75.241
65,Wake, Eudora,ewake1s@icq.com,153.167.130.14
66,Saller, Alina,asaller1t@ehow.com,120.252.1.95
67,MacGeaney, Lion,lmacgeaney1u@businesswire.com,212.16.23.13
68,Presdee, Jacquie,jpresdee1v@columbia.edu,167.29.23.7
69,Carbett, Estell,ecarbett1w@goo.gl,158.29.164.183
71,Standbrook, Raine,rstandbrook1y@npr.org,111.219.0.98
72,Shevels, Alyse,ashevels1z@theatlantic.com,224.80.248.251
73,Devall, Cletis,cdevall20@ustream.tv,153.115.210.199
74,Tash, Yalonda,ytash21@sfgate.com,15.32.63.20
75,Dillingstone, Conney,cdillingstone22@usda.gov,140.159.112.73
76,Marikhin, Christel,cmarikhin23@usnews.com,210.80.26.43
77,Costell, Hillier,hcostell24@va.gov,62.251.226.6
78,Portwain, Ruthi,rportwain25@prweb.com,29.136.139.70
79,Sterrick, Roddie,rsterrick26@scientificamerican.com,127.209.22.160
80,Foreman, Cassondra,cforeman27@mail.ru,236.42.193.37
81,Truman, Gerhardt,gtruman28@geocities.jp,121.243.147.62
82,Gerkens, Joni,jgerkens29@tiny.cc,110.226.27.80
83,Matanin, Mariquilla,mmatanin2a@csmonitor.com,184.143.124.0
84,Yegorev, Vitia,vyegorev2b@mysql.com,43.104.159.86
85,Thackston, Gabe,gthackston2c@bandcamp.com,100.73.122.97
86,Henighan, Rosalinda,rhenighan2d@ebay.com,19.123.179.208
87,Vannuchi, Ellene,evannuchi2e@bloglines.com,241.34.206.124
89,Easeman, Zolly,zeaseman2g@mapquest.com,203.185.220.7
90,McCoughan, Corie,cmccoughan2h@tumblr.com,243.44.170.153
91,Lubman, Bonnee,blubman2i@admin.ch,176.2.178.3
92,Nyssens, Wendye,wnyssens2j@unesco.org,175.48.157.102
93,Mitcheson, Lamond,lmitcheson2k@archive.org,217.104.61.46
95,Darrell, Maria,mdarrell2m@is.gd,158.55.122.8
96,Skipworth, Kellie,kskipworth2n@purevolume.com,172.54.159.91
97,Kinforth, Gerri,gkinforth2o@biblegateway.com,173.173.143.129
99,Liddard, Rora,rliddard2q@canalblog.com,83.204.85.159
