id,first_name,last_name,email,gender,ip_address
1,Emma,Gethyn,egethyn0@yellowbook.com,Female,223.107.186.152
2,Kaye,Dallimare,kdallimare1@mlb.com,Female,223.206.173.29
3,Valentin,Friskey,vfriskey2@webs.com,Male,94.195.101.178
4,Lesya,Dowrey,ldowrey3@live.com,Female,141.221.185.229
5,Dewain,Clausius,dclausius4@chron.com,Male,145.183.4.138
6,Nolie,Bartoletti,nbartoletti5@biblegateway.com,Female,7.238.161.221
7,Gayler,O' Ronan,goronan6@edublogs.org,Male,66.148.215.67
8,Nance,Campe,ncampe7@wordpress.org,Female,85.67.14.28
9,Sibyl,Liccardi,sliccardi8@lulu.com,Male,23.65.127.252
10,Tildy,McGiff,tmcgiff9@hatena.ne.jp,Female,178.46.72.229
11,Karylin,McEvoy,kmcevoya@indiatimes.com,Female,40.81.232.9
12,Ursala,Heindle,uheindleb@umn.edu,Female,179.82.136.211
13,Paco,Burtwhistle,pburtwhistlec@infoseek.co.jp,Bigender,225.69.52.17
14,Mendy,Skates,mskatesd@w3.org,Male,140.250.74.80
15,Etta,Henri,ehenrie@webmd.com,Female,106.243.168.156
16,Fey,Ducroe,fducroef@deliciousdays.com,Female,230.249.228.188
17,Emmery,Soigne,esoigneg@hatena.ne.jp,Male,89.77.44.230
18,Cristy,Borton,cbortonh@oracle.com,Female,76.39.118.36
19,Cosette,Gonneau,cgonneaui@nsw.gov.au,Female,219.252.103.138
20,Salim,Connow,sconnowj@amazon.com,Male,98.87.217.243
21,Rawley,Tankin,rtankink@msu.edu,Male,102.238.166.94
22,Kimmi,Boulder,kboulderl@alibaba.com,Female,157.17.245.242
23,Lissi,McNeillie,lmcneilliem@mapquest.com,Female,203.242.199.190
24,Arin,Bevar,abevarn@surveymonkey.com,Male,220.143.170.27
25,Mireille,Vain,mvaino@oaic.gov.au,Genderqueer,48.59.205.39
26,Tracey,Saffran,tsaffranp@squidoo.com,Female,137.185.70.2
27,Lonna,McGuckin,lmcguckinq@g.co,Female,154.64.27.195
28,Jamill,Conroy,jconroyr@globo.com,Male,26.47.224.229
29,Natalina,Kall,nkalls@sun.com,Female,145.142.242.30
30,Terrel,State,tstatet@weibo.com,Male,187.217.96.21
31,Maritsa,Whitter,mwhitteru@reddit.com,Female,75.13.202.139
32,Matty,Ramet,mrametv@homestead.com,Female,141.114.184.136
33,Reed,Dingivan,rdingivanw@dagondesign.com,Male,28.200.102.69
34,Collen,Shreeve,cshreevex@reddit.com,Female,125.151.66.84
35,Freeland,Lankham,flankhamy@cyberchimps.com,Male,235.19.197.100
36,Honor,McBean,hmcbeanz@liveinternet.ru,Female,115.56.173.13
37,Myrna,Eckersley,meckersley10@twitpic.com,Female,31.38.86.207
38,Siffre,Peppett,speppett11@xrea.com,Bigender,31.42.193.33
39,Hurley,Dahmke,hdahmke12@flavors.me,Male,1.195.162.98
40,Rhetta,Pammenter,rpammenter13@ifeng.com,Female,170.73.225.78
41,Alvina,Greenan,agreenan14@qq.com,Female,251.230.25.240
42,Jeddy,Thain,jthain15@columbia.edu,Male,203.155.147.137
43,Basile,Icom,bicom16@instagram.com,Male,58.203.61.87
44,Myrvyn,Cripwell,mcripwell17@adobe.com,Male,163.95.22.232
45,Torey,Jakoubek,tjakoubek18@ucsd.edu,Agender,162.236.14.141
46,Damiano,Gascar,dgascar19@hp.com,Male,99.206.12.190
47,Aimee,McNevin,amcnevin1a@stumbleupon.com,Female,190.46.195.38
48,Kerri,Humblestone,khumblestone1b@vk.com,Polygender,220.183.1.134
49,Beth,Lesslie,blesslie1c@sitemeter.com,Genderfluid,119.40.46.46
50,Waiter,Schruurs,wschruurs1d@earthlink.net,Male,157.2.12.100
51,Rennie,Royden,rroyden1e@de.vu,Female,187.2.146.5
52,Nickey,Seed,nseed1f@netvibes.com,Male,102.13.250.197
53,Annabela,Hawkswood,ahawkswood1g@google.cn,Female,205.44.41.194
54,Phyllys,Emberton,pemberton1h@reverbnation.com,Female,85.151.209.134
55,Anstice,Twinbourne,atwinbourne1i@ocn.ne.jp,Female,59.41.210.46
56,Barry,Geldart,bgeldart1j@engadget.com,Male,100.161.100.66
57,Scott,Trebble,strebble1k@yellowpages.com,Male,186.34.40.81
58,Karee,Chat,kchat1l@smh.com.au,Female,150.193.124.166
59,Fayina,Kirsopp,fkirsopp1m@trellian.com,Female,200.29.146.98
60,Sherry,Tudor,studor1n@lycos.com,Female,182.160.89.117
61,Grange,Calleja,gcalleja1o@slashdot.org,Genderqueer,157.0.222.17
62,Kelley,Antoney,kantoney1p@free.fr,Male,41.55.23.112
63,Tammy,Duckering,tduckering1q@hud.gov,Polygender,112.21.82.166
64,Catharine,Cochern,ccochern1r@parallels.com,Female,25.77.75.241
65,Eudora,Wake,ewake1s@icq.com,Female,153.167.130.14
66,Alina,Saller,asaller1t@ehow.com,Female,120.252.1.95
67,Lion,MacGeaney,lmacgeaney1u@businesswire.com,Male,212.16.23.13
68,Jacquie,Presdee,jpresdee1v@columbia.edu,Female,167.29.23.7
69,Estell,Carbett,ecarbett1w@goo.gl,Female,158.29.164.183
70,Winn,Lorenzetti,wlorenzetti1x@elpais.com,Male,132.123.14.9
71,Raine,Standbrook,rstandbrook1y@npr.org,Female,111.219.0.98
72,Alyse,Shevels,ashevels1z@theatlantic.com,Female,224.80.248.251
73,Cletis,Devall,cdevall20@ustream.tv,Male,153.115.210.199
74,Yalonda,Tash,ytash21@sfgate.com,Female,15.32.63.20
75,Conney,Dillingstone,cdillingstone22@usda.gov,Male,140.159.112.73
76,Christel,Marikhin,cmarikhin23@usnews.com,Female,210.80.26.43
77,Hillier,Costell,hcostell24@va.gov,Male,62.251.226.6
78,Ruthi,Portwain,rportwain25@prweb.com,Female,29.136.139.70
79,Roddie,Sterrick,rsterrick26@scientificamerican.com,Male,127.209.22.160
80,Cassondra,Foreman,cforeman27@mail.ru,Female,236.42.193.37
81,Gerhardt,Truman,gtruman28@geocities.jp,Male,121.243.147.62
82,Joni,Gerkens,jgerkens29@tiny.cc,Female,110.226.27.80
83,Mariquilla,Matanin,mmatanin2a@csmonitor.com,Female,184.143.124.0
84,Vitia,Yegorev,vyegorev2b@mysql.com,Female,43.104.159.86
85,Gabe,Thackston,gthackston2c@bandcamp.com,Male,100.73.122.97
86,Rosalinda,Henighan,rhenighan2d@ebay.com,Female,19.123.179.208
87,Ellene,Vannuchi,evannuchi2e@bloglines.com,Bigender,241.34.206.124
88,Nero,Rubi,nrubi2f@unc.edu,Male,147.12.0.112
89,Zolly,Easeman,zeaseman2g@mapquest.com,Polygender,203.185.220.7
90,Corie,McCoughan,cmccoughan2h@tumblr.com,Female,243.44.170.153
91,Bonnee,Lubman,blubman2i@admin.ch,Female,176.2.178.3
92,Wendye,Nyssens,wnyssens2j@unesco.org,Female,175.48.157.102
93,Lamond,Mitcheson,lmitcheson2k@archive.org,Male,217.104.61.46
94,Urbano,Klimczak,uklimczak2l@prnewswire.com,Male,7.194.237.64
95,Maria,Darrell,mdarrell2m@is.gd,Female,158.55.122.8
96,Kellie,Skipworth,kskipworth2n@purevolume.com,Female,172.54.159.91
97,Gerri,Kinforth,gkinforth2o@biblegateway.com,Female,173.173.143.129
98,Trip,Ayton,tayton2p@topsy.com,Male,1.202.42.16
99,Rora,Liddard,rliddard2q@canalblog.com,Female,83.204.85.159
100,Lambert,Bampkin,lbampkin2r@timesonline.co.uk,Male,216.5.213.196